<annotation><folder>Train</folder><filename>img0.jpg</filename><path>/content/drive/MyDrive/Train/img0.jpg</path><source><database>Unknown</database></source><size><width>30</width><height>30</height><depth>3</depth></size><segmented>0</segmented><object><name>State0</name><pose>Unspecified</pose><truncated>0</truncated><difficult>0</difficult><bndbox><xmin>2</xmin><ymin>11</ymin><xmax>19</xmax><ymax>29</ymax></bndbox></object><object><name>State1</name><pose>Unspecified</pose><truncated>0</truncated><difficult>0</difficult><bndbox><xmin>5</xmin><ymin>9</ymin><xmax>29</xmax><ymax>15</ymax></bndbox></object><object><name>State2</name><pose>Unspecified</pose><truncated>0</truncated><difficult>0</difficult><bndbox><xmin>25</xmin><ymin>4</ymin><xmax>28</xmax><ymax>9</ymax></bndbox></object><object><name>State3</name><pose>Unspecified</pose><truncated>0</truncated><difficult>0</difficult><bndbox><xmin>17</xmin><ymin>1</ymin><xmax>25</xmax><ymax>4</ymax></bndbox></object><object><name>State4</name><pose>Unspecified</pose><truncated>0</truncated><difficult>0</difficult><bndbox><xmin>0</xmin><ymin>0</ymin><xmax>17</xmax><ymax>1</ymax></bndbox></object></annotation>